timestamp,forecast_hour,location,lat,lon,predicted_pm25,predicted_aqi,aqi_category
2025-12-29 00:00:00,1,Anand Vihar,28.6469,77.316,252.23,402.7,Severe
2025-12-29 01:00:00,2,Anand Vihar,28.6469,77.316,234.79,388.4,Very Poor
2025-12-29 02:00:00,3,Anand Vihar,28.6469,77.316,217.17,375.0,Very Poor
2025-12-29 03:00:00,4,Anand Vihar,28.6469,77.316,200.95,362.6,Very Poor
2025-12-29 04:00:00,5,Anand Vihar,28.6469,77.316,171.51,340.2,Very Poor
2025-12-29 05:00:00,6,Anand Vihar,28.6469,77.316,163.77,334.3,Very Poor
2025-12-29 06:00:00,7,Anand Vihar,28.6469,77.316,157.38,329.5,Very Poor
2025-12-29 07:00:00,8,Anand Vihar,28.6469,77.316,160.12,331.6,Very Poor
2025-12-29 08:00:00,9,Anand Vihar,28.6469,77.316,156.33,328.7,Very Poor
2025-12-29 09:00:00,10,Anand Vihar,28.6469,77.316,145.21,320.2,Very Poor
2025-12-29 10:00:00,11,Anand Vihar,28.6469,77.316,145.41,320.4,Very Poor
2025-12-29 11:00:00,12,Anand Vihar,28.6469,77.316,138.07,314.8,Very Poor
2025-12-29 12:00:00,13,Anand Vihar,28.6469,77.316,113.55,278.7,Poor
2025-12-29 13:00:00,14,Anand Vihar,28.6469,77.316,96.12,221.2,Poor
2025-12-29 14:00:00,15,Anand Vihar,28.6469,77.316,91.79,206.9,Poor
2025-12-29 15:00:00,16,Anand Vihar,28.6469,77.316,103.03,244.0,Poor
2025-12-29 16:00:00,17,Anand Vihar,28.6469,77.316,107.73,259.5,Poor
2025-12-29 17:00:00,18,Anand Vihar,28.6469,77.316,117.21,290.8,Poor
2025-12-29 18:00:00,19,Anand Vihar,28.6469,77.316,125.46,305.2,Very Poor
2025-12-29 19:00:00,20,Anand Vihar,28.6469,77.316,132.53,310.5,Very Poor
2025-12-29 20:00:00,21,Anand Vihar,28.6469,77.316,136.77,313.8,Very Poor
2025-12-29 21:00:00,22,Anand Vihar,28.6469,77.316,134.45,312.0,Very Poor
2025-12-29 22:00:00,23,Anand Vihar,28.6469,77.316,138.8,315.3,Very Poor
2025-12-29 23:00:00,24,Anand Vihar,28.6469,77.316,129.01,307.9,Very Poor
2025-12-30 00:00:00,25,Anand Vihar,28.6469,77.316,119.69,299.0,Poor
2025-12-30 01:00:00,26,Anand Vihar,28.6469,77.316,120.56,301.4,Very Poor
2025-12-30 02:00:00,27,Anand Vihar,28.6469,77.316,109.89,266.6,Poor
2025-12-30 03:00:00,28,Anand Vihar,28.6469,77.316,91.5,205.9,Poor
2025-12-30 04:00:00,29,Anand Vihar,28.6469,77.316,94.77,216.7,Poor
2025-12-30 05:00:00,30,Anand Vihar,28.6469,77.316,95.13,217.9,Poor
2025-12-30 06:00:00,31,Anand Vihar,28.6469,77.316,87.19,190.7,Moderate
2025-12-30 07:00:00,32,Anand Vihar,28.6469,77.316,77.81,159.8,Moderate
2025-12-30 08:00:00,33,Anand Vihar,28.6469,77.316,84.92,183.2,Moderate
2025-12-30 09:00:00,34,Anand Vihar,28.6469,77.316,88.01,193.4,Moderate
2025-12-30 10:00:00,35,Anand Vihar,28.6469,77.316,92.78,210.2,Poor
2025-12-30 11:00:00,36,Anand Vihar,28.6469,77.316,93.94,214.0,Poor
2025-12-30 12:00:00,37,Anand Vihar,28.6469,77.316,90.7,203.3,Poor
2025-12-30 13:00:00,38,Anand Vihar,28.6469,77.316,85.76,186.0,Moderate
2025-12-30 14:00:00,39,Anand Vihar,28.6469,77.316,73.86,146.7,Moderate
2025-12-30 15:00:00,40,Anand Vihar,28.6469,77.316,83.17,177.4,Moderate
2025-12-30 16:00:00,41,Anand Vihar,28.6469,77.316,96.28,221.7,Poor
2025-12-30 17:00:00,42,Anand Vihar,28.6469,77.316,97.23,224.9,Poor
2025-12-30 18:00:00,43,Anand Vihar,28.6469,77.316,95.25,218.3,Poor
2025-12-30 19:00:00,44,Anand Vihar,28.6469,77.316,103.78,246.5,Poor
2025-12-30 20:00:00,45,Anand Vihar,28.6469,77.316,103.18,244.5,Poor
2025-12-30 21:00:00,46,Anand Vihar,28.6469,77.316,104.36,248.4,Poor
2025-12-30 22:00:00,47,Anand Vihar,28.6469,77.316,108.41,261.7,Poor
2025-12-30 23:00:00,48,Anand Vihar,28.6469,77.316,113.73,279.3,Poor
2025-12-31 00:00:00,49,Anand Vihar,28.6469,77.316,99.9,233.7,Poor
2025-12-31 01:00:00,50,Anand Vihar,28.6469,77.316,82.38,174.9,Moderate
2025-12-31 02:00:00,51,Anand Vihar,28.6469,77.316,78.95,163.5,Moderate
2025-12-31 03:00:00,52,Anand Vihar,28.6469,77.316,100.25,234.8,Poor
2025-12-31 04:00:00,53,Anand Vihar,28.6469,77.316,102.44,242.1,Poor
2025-12-31 05:00:00,54,Anand Vihar,28.6469,77.316,86.38,188.1,Moderate
2025-12-31 06:00:00,55,Anand Vihar,28.6469,77.316,78.62,162.5,Moderate
2025-12-31 07:00:00,56,Anand Vihar,28.6469,77.316,82.41,175.0,Moderate
2025-12-31 08:00:00,57,Anand Vihar,28.6469,77.316,68.59,129.3,Moderate
2025-12-31 09:00:00,58,Anand Vihar,28.6469,77.316,77.42,158.5,Moderate
2025-12-31 10:00:00,59,Anand Vihar,28.6469,77.316,103.78,246.5,Poor
2025-12-31 11:00:00,60,Anand Vihar,28.6469,77.316,102.59,242.5,Poor
2025-12-31 12:00:00,61,Anand Vihar,28.6469,77.316,94.97,217.4,Poor
2025-12-31 13:00:00,62,Anand Vihar,28.6469,77.316,96.6,222.8,Poor
2025-12-31 14:00:00,63,Anand Vihar,28.6469,77.316,113.35,278.1,Poor
2025-12-31 15:00:00,64,Anand Vihar,28.6469,77.316,100.72,236.4,Poor
2025-12-31 16:00:00,65,Anand Vihar,28.6469,77.316,110.25,267.8,Poor
2025-12-31 17:00:00,66,Anand Vihar,28.6469,77.316,111.36,271.5,Poor
2025-12-31 18:00:00,67,Anand Vihar,28.6469,77.316,104.2,247.9,Poor
2025-12-31 19:00:00,68,Anand Vihar,28.6469,77.316,114.56,282.0,Poor
2025-12-31 20:00:00,69,Anand Vihar,28.6469,77.316,115.63,285.6,Poor
2025-12-31 21:00:00,70,Anand Vihar,28.6469,77.316,118.1,293.7,Poor
2025-12-31 22:00:00,71,Anand Vihar,28.6469,77.316,119.48,298.3,Poor
2025-12-31 23:00:00,72,Anand Vihar,28.6469,77.316,108.0,260.4,Poor
2025-12-29 00:00:00,1,Connaught Place,28.6304,77.2177,245.5,396.6,Very Poor
2025-12-29 01:00:00,2,Connaught Place,28.6304,77.2177,229.36,384.3,Very Poor
2025-12-29 02:00:00,3,Connaught Place,28.6304,77.2177,211.45,370.6,Very Poor
2025-12-29 03:00:00,4,Connaught Place,28.6304,77.2177,198.0,360.4,Very Poor
2025-12-29 04:00:00,5,Connaught Place,28.6304,77.2177,168.23,337.7,Very Poor
2025-12-29 05:00:00,6,Connaught Place,28.6304,77.2177,158.65,330.4,Very Poor
2025-12-29 06:00:00,7,Connaught Place,28.6304,77.2177,153.18,326.3,Very Poor
2025-12-29 07:00:00,8,Connaught Place,28.6304,77.2177,148.0,322.3,Very Poor
2025-12-29 08:00:00,9,Connaught Place,28.6304,77.2177,151.28,324.8,Very Poor
2025-12-29 09:00:00,10,Connaught Place,28.6304,77.2177,132.7,310.7,Very Poor
2025-12-29 10:00:00,11,Connaught Place,28.6304,77.2177,126.74,306.1,Very Poor
2025-12-29 11:00:00,12,Connaught Place,28.6304,77.2177,128.65,307.6,Very Poor
2025-12-29 12:00:00,13,Connaught Place,28.6304,77.2177,114.3,281.2,Poor
2025-12-29 13:00:00,14,Connaught Place,28.6304,77.2177,94.74,216.6,Poor
2025-12-29 14:00:00,15,Connaught Place,28.6304,77.2177,95.56,219.3,Poor
2025-12-29 15:00:00,16,Connaught Place,28.6304,77.2177,104.69,249.5,Poor
2025-12-29 16:00:00,17,Connaught Place,28.6304,77.2177,104.93,250.3,Poor
2025-12-29 17:00:00,18,Connaught Place,28.6304,77.2177,113.76,279.4,Poor
2025-12-29 18:00:00,19,Connaught Place,28.6304,77.2177,132.72,310.7,Very Poor
2025-12-29 19:00:00,20,Connaught Place,28.6304,77.2177,142.89,318.4,Very Poor
2025-12-29 20:00:00,21,Connaught Place,28.6304,77.2177,169.43,338.6,Very Poor
2025-12-29 21:00:00,22,Connaught Place,28.6304,77.2177,140.98,317.0,Very Poor
2025-12-29 22:00:00,23,Connaught Place,28.6304,77.2177,139.38,315.8,Very Poor
2025-12-29 23:00:00,24,Connaught Place,28.6304,77.2177,150.35,324.1,Very Poor
2025-12-30 00:00:00,25,Connaught Place,28.6304,77.2177,137.8,314.6,Very Poor
2025-12-30 01:00:00,26,Connaught Place,28.6304,77.2177,125.48,305.2,Very Poor
2025-12-30 02:00:00,27,Connaught Place,28.6304,77.2177,111.95,273.4,Poor
2025-12-30 03:00:00,28,Connaught Place,28.6304,77.2177,100.41,235.4,Poor
2025-12-30 04:00:00,29,Connaught Place,28.6304,77.2177,89.69,199.0,Moderate
2025-12-30 05:00:00,30,Connaught Place,28.6304,77.2177,88.47,195.0,Moderate
2025-12-30 06:00:00,31,Connaught Place,28.6304,77.2177,83.85,179.7,Moderate
2025-12-30 07:00:00,32,Connaught Place,28.6304,77.2177,67.93,127.2,Moderate
2025-12-30 08:00:00,33,Connaught Place,28.6304,77.2177,86.44,188.2,Moderate
2025-12-30 09:00:00,34,Connaught Place,28.6304,77.2177,95.86,220.3,Poor
2025-12-30 10:00:00,35,Connaught Place,28.6304,77.2177,90.66,203.2,Poor
2025-12-30 11:00:00,36,Connaught Place,28.6304,77.2177,103.35,245.1,Poor
2025-12-30 12:00:00,37,Connaught Place,28.6304,77.2177,98.12,227.8,Poor
2025-12-30 13:00:00,38,Connaught Place,28.6304,77.2177,87.78,192.7,Moderate
2025-12-30 14:00:00,39,Connaught Place,28.6304,77.2177,71.85,140.1,Moderate
2025-12-30 15:00:00,40,Connaught Place,28.6304,77.2177,79.98,166.9,Moderate
2025-12-30 16:00:00,41,Connaught Place,28.6304,77.2177,84.8,182.8,Moderate
2025-12-30 17:00:00,42,Connaught Place,28.6304,77.2177,96.51,222.5,Poor
2025-12-30 18:00:00,43,Connaught Place,28.6304,77.2177,97.34,225.2,Poor
2025-12-30 19:00:00,44,Connaught Place,28.6304,77.2177,101.68,239.5,Poor
2025-12-30 20:00:00,45,Connaught Place,28.6304,77.2177,108.65,262.6,Poor
2025-12-30 21:00:00,46,Connaught Place,28.6304,77.2177,110.97,270.2,Poor
2025-12-30 22:00:00,47,Connaught Place,28.6304,77.2177,116.19,287.4,Poor
2025-12-30 23:00:00,48,Connaught Place,28.6304,77.2177,119.48,298.3,Poor
2025-12-31 00:00:00,49,Connaught Place,28.6304,77.2177,113.21,277.6,Poor
2025-12-31 01:00:00,50,Connaught Place,28.6304,77.2177,90.25,201.8,Poor
2025-12-31 02:00:00,51,Connaught Place,28.6304,77.2177,84.83,182.9,Moderate
2025-12-31 03:00:00,52,Connaught Place,28.6304,77.2177,97.18,224.7,Poor
2025-12-31 04:00:00,53,Connaught Place,28.6304,77.2177,95.3,218.5,Poor
2025-12-31 05:00:00,54,Connaught Place,28.6304,77.2177,86.63,188.9,Moderate
2025-12-31 06:00:00,55,Connaught Place,28.6304,77.2177,78.53,162.2,Moderate
2025-12-31 07:00:00,56,Connaught Place,28.6304,77.2177,76.69,156.1,Moderate
2025-12-31 08:00:00,57,Connaught Place,28.6304,77.2177,65.73,119.9,Moderate
2025-12-31 09:00:00,58,Connaught Place,28.6304,77.2177,76.44,155.3,Moderate
2025-12-31 10:00:00,59,Connaught Place,28.6304,77.2177,101.64,239.4,Poor
2025-12-31 11:00:00,60,Connaught Place,28.6304,77.2177,105.95,253.6,Poor
2025-12-31 12:00:00,61,Connaught Place,28.6304,77.2177,95.26,218.3,Poor
2025-12-31 13:00:00,62,Connaught Place,28.6304,77.2177,96.89,223.7,Poor
2025-12-31 14:00:00,63,Connaught Place,28.6304,77.2177,113.73,279.3,Poor
2025-12-31 15:00:00,64,Connaught Place,28.6304,77.2177,94.14,214.7,Poor
2025-12-31 16:00:00,65,Connaught Place,28.6304,77.2177,114.27,281.1,Poor
2025-12-31 17:00:00,66,Connaught Place,28.6304,77.2177,110.89,269.9,Poor
2025-12-31 18:00:00,67,Connaught Place,28.6304,77.2177,109.82,266.4,Poor
2025-12-31 19:00:00,68,Connaught Place,28.6304,77.2177,117.2,290.8,Poor
2025-12-31 20:00:00,69,Connaught Place,28.6304,77.2177,123.06,303.3,Very Poor
2025-12-31 21:00:00,70,Connaught Place,28.6304,77.2177,118.42,294.8,Poor
2025-12-31 22:00:00,71,Connaught Place,28.6304,77.2177,124.75,304.6,Very Poor
2025-12-31 23:00:00,72,Connaught Place,28.6304,77.2177,106.71,256.2,Poor
2025-12-29 00:00:00,1,Dwarka,28.5882,77.0494,257.93,407.0,Severe
2025-12-29 01:00:00,2,Dwarka,28.5882,77.0494,236.98,390.1,Very Poor
2025-12-29 02:00:00,3,Dwarka,28.5882,77.0494,220.78,377.7,Very Poor
2025-12-29 03:00:00,4,Dwarka,28.5882,77.0494,197.23,359.8,Very Poor
2025-12-29 04:00:00,5,Dwarka,28.5882,77.0494,194.72,357.9,Very Poor
2025-12-29 05:00:00,6,Dwarka,28.5882,77.0494,165.36,335.5,Very Poor
2025-12-29 06:00:00,7,Dwarka,28.5882,77.0494,174.88,342.8,Very Poor
2025-12-29 07:00:00,8,Dwarka,28.5882,77.0494,169.45,338.7,Very Poor
2025-12-29 08:00:00,9,Dwarka,28.5882,77.0494,170.09,339.1,Very Poor
2025-12-29 09:00:00,10,Dwarka,28.5882,77.0494,166.98,336.8,Very Poor
2025-12-29 10:00:00,11,Dwarka,28.5882,77.0494,147.96,322.3,Very Poor
2025-12-29 11:00:00,12,Dwarka,28.5882,77.0494,132.59,310.6,Very Poor
2025-12-29 12:00:00,13,Dwarka,28.5882,77.0494,118.5,295.1,Poor
2025-12-29 13:00:00,14,Dwarka,28.5882,77.0494,97.64,226.2,Poor
2025-12-29 14:00:00,15,Dwarka,28.5882,77.0494,93.61,212.9,Poor
2025-12-29 15:00:00,16,Dwarka,28.5882,77.0494,100.09,234.3,Poor
2025-12-29 16:00:00,17,Dwarka,28.5882,77.0494,109.96,266.9,Poor
2025-12-29 17:00:00,18,Dwarka,28.5882,77.0494,113.87,279.8,Poor
2025-12-29 18:00:00,19,Dwarka,28.5882,77.0494,119.42,298.1,Poor
2025-12-29 19:00:00,20,Dwarka,28.5882,77.0494,124.0,304.0,Very Poor
2025-12-29 20:00:00,21,Dwarka,28.5882,77.0494,109.17,264.3,Poor
2025-12-29 21:00:00,22,Dwarka,28.5882,77.0494,116.13,287.2,Poor
2025-12-29 22:00:00,23,Dwarka,28.5882,77.0494,121.62,302.2,Very Poor
2025-12-29 23:00:00,24,Dwarka,28.5882,77.0494,110.75,269.5,Poor
2025-12-30 00:00:00,25,Dwarka,28.5882,77.0494,110.03,267.1,Poor
2025-12-30 01:00:00,26,Dwarka,28.5882,77.0494,116.25,287.6,Poor
2025-12-30 02:00:00,27,Dwarka,28.5882,77.0494,92.65,209.7,Poor
2025-12-30 03:00:00,28,Dwarka,28.5882,77.0494,88.26,194.3,Moderate
2025-12-30 04:00:00,29,Dwarka,28.5882,77.0494,88.26,194.3,Moderate
2025-12-30 05:00:00,30,Dwarka,28.5882,77.0494,84.29,181.2,Moderate
2025-12-30 06:00:00,31,Dwarka,28.5882,77.0494,89.15,197.2,Moderate
2025-12-30 07:00:00,32,Dwarka,28.5882,77.0494,76.77,156.3,Moderate
2025-12-30 08:00:00,33,Dwarka,28.5882,77.0494,74.95,150.3,Moderate
2025-12-30 09:00:00,34,Dwarka,28.5882,77.0494,98.21,228.1,Poor
2025-12-30 10:00:00,35,Dwarka,28.5882,77.0494,108.66,262.6,Poor
2025-12-30 11:00:00,36,Dwarka,28.5882,77.0494,116.35,287.9,Poor
2025-12-30 12:00:00,37,Dwarka,28.5882,77.0494,125.99,305.6,Very Poor
2025-12-30 13:00:00,38,Dwarka,28.5882,77.0494,109.17,264.3,Poor
2025-12-30 14:00:00,39,Dwarka,28.5882,77.0494,108.72,262.8,Poor
2025-12-30 15:00:00,40,Dwarka,28.5882,77.0494,123.24,303.5,Very Poor
2025-12-30 16:00:00,41,Dwarka,28.5882,77.0494,125.25,305.0,Very Poor
2025-12-30 17:00:00,42,Dwarka,28.5882,77.0494,128.13,307.2,Very Poor
2025-12-30 18:00:00,43,Dwarka,28.5882,77.0494,126.54,306.0,Very Poor
2025-12-30 19:00:00,44,Dwarka,28.5882,77.0494,125.41,305.1,Very Poor
2025-12-30 20:00:00,45,Dwarka,28.5882,77.0494,126.61,306.0,Very Poor
2025-12-30 21:00:00,46,Dwarka,28.5882,77.0494,124.02,304.1,Very Poor
2025-12-30 22:00:00,47,Dwarka,28.5882,77.0494,120.85,301.6,Very Poor
2025-12-30 23:00:00,48,Dwarka,28.5882,77.0494,114.44,281.7,Poor
2025-12-31 00:00:00,49,Dwarka,28.5882,77.0494,101.66,239.5,Poor
2025-12-31 01:00:00,50,Dwarka,28.5882,77.0494,94.36,215.4,Poor
2025-12-31 02:00:00,51,Dwarka,28.5882,77.0494,79.04,163.8,Moderate
2025-12-31 03:00:00,52,Dwarka,28.5882,77.0494,72.2,141.3,Moderate
2025-12-31 04:00:00,53,Dwarka,28.5882,77.0494,76.63,155.9,Moderate
2025-12-31 05:00:00,54,Dwarka,28.5882,77.0494,83.17,177.5,Moderate
2025-12-31 06:00:00,55,Dwarka,28.5882,77.0494,91.06,204.5,Poor
2025-12-31 07:00:00,56,Dwarka,28.5882,77.0494,95.29,218.5,Poor
2025-12-31 08:00:00,57,Dwarka,28.5882,77.0494,93.29,211.9,Poor
2025-12-31 09:00:00,58,Dwarka,28.5882,77.0494,91.06,204.5,Poor
2025-12-31 10:00:00,59,Dwarka,28.5882,77.0494,107.15,257.6,Poor
2025-12-31 11:00:00,60,Dwarka,28.5882,77.0494,115.01,283.5,Poor
2025-12-31 12:00:00,61,Dwarka,28.5882,77.0494,112.79,276.2,Poor
2025-12-31 13:00:00,62,Dwarka,28.5882,77.0494,109.2,264.4,Poor
2025-12-31 14:00:00,63,Dwarka,28.5882,77.0494,121.52,302.2,Very Poor
2025-12-31 15:00:00,64,Dwarka,28.5882,77.0494,128.87,307.8,Very Poor
2025-12-31 16:00:00,65,Dwarka,28.5882,77.0494,136.87,313.8,Very Poor
2025-12-31 17:00:00,66,Dwarka,28.5882,77.0494,142.58,318.2,Very Poor
2025-12-31 18:00:00,67,Dwarka,28.5882,77.0494,127.42,306.7,Very Poor
2025-12-31 19:00:00,68,Dwarka,28.5882,77.0494,132.89,310.8,Very Poor
2025-12-31 20:00:00,69,Dwarka,28.5882,77.0494,129.37,308.1,Very Poor
2025-12-31 21:00:00,70,Dwarka,28.5882,77.0494,126.41,305.9,Very Poor
2025-12-31 22:00:00,71,Dwarka,28.5882,77.0494,129.46,308.2,Very Poor
2025-12-31 23:00:00,72,Dwarka,28.5882,77.0494,115.12,283.9,Poor
2025-12-29 00:00:00,1,IGI Airport,28.5562,77.1,258.44,407.4,Severe
2025-12-29 01:00:00,2,IGI Airport,28.5562,77.1,235.04,388.6,Very Poor
2025-12-29 02:00:00,3,IGI Airport,28.5562,77.1,217.7,375.4,Very Poor
2025-12-29 03:00:00,4,IGI Airport,28.5562,77.1,196.74,359.4,Very Poor
2025-12-29 04:00:00,5,IGI Airport,28.5562,77.1,186.87,351.9,Very Poor
2025-12-29 05:00:00,6,IGI Airport,28.5562,77.1,170.41,339.4,Very Poor
2025-12-29 06:00:00,7,IGI Airport,28.5562,77.1,172.15,340.7,Very Poor
2025-12-29 07:00:00,8,IGI Airport,28.5562,77.1,173.34,341.6,Very Poor
2025-12-29 08:00:00,9,IGI Airport,28.5562,77.1,172.38,340.9,Very Poor
2025-12-29 09:00:00,10,IGI Airport,28.5562,77.1,159.13,330.8,Very Poor
2025-12-29 10:00:00,11,IGI Airport,28.5562,77.1,153.67,326.6,Very Poor
2025-12-29 11:00:00,12,IGI Airport,28.5562,77.1,132.56,310.6,Very Poor
2025-12-29 12:00:00,13,IGI Airport,28.5562,77.1,121.97,302.5,Very Poor
2025-12-29 13:00:00,14,IGI Airport,28.5562,77.1,95.21,218.2,Poor
2025-12-29 14:00:00,15,IGI Airport,28.5562,77.1,91.35,205.4,Poor
2025-12-29 15:00:00,16,IGI Airport,28.5562,77.1,103.53,245.7,Poor
2025-12-29 16:00:00,17,IGI Airport,28.5562,77.1,100.59,235.9,Poor
2025-12-29 17:00:00,18,IGI Airport,28.5562,77.1,115.05,283.7,Poor
2025-12-29 18:00:00,19,IGI Airport,28.5562,77.1,128.2,307.2,Very Poor
2025-12-29 19:00:00,20,IGI Airport,28.5562,77.1,118.48,295.0,Poor
2025-12-29 20:00:00,21,IGI Airport,28.5562,77.1,101.02,237.4,Poor
2025-12-29 21:00:00,22,IGI Airport,28.5562,77.1,106.42,255.2,Poor
2025-12-29 22:00:00,23,IGI Airport,28.5562,77.1,119.93,299.8,Poor
2025-12-29 23:00:00,24,IGI Airport,28.5562,77.1,113.58,278.8,Poor
2025-12-30 00:00:00,25,IGI Airport,28.5562,77.1,108.59,262.4,Poor
2025-12-30 01:00:00,26,IGI Airport,28.5562,77.1,118.28,294.3,Poor
2025-12-30 02:00:00,27,IGI Airport,28.5562,77.1,99.41,232.0,Poor
2025-12-30 03:00:00,28,IGI Airport,28.5562,77.1,93.04,211.0,Poor
2025-12-30 04:00:00,29,IGI Airport,28.5562,77.1,91.96,207.5,Poor
2025-12-30 05:00:00,30,IGI Airport,28.5562,77.1,79.78,166.3,Moderate
2025-12-30 06:00:00,31,IGI Airport,28.5562,77.1,79.13,164.1,Moderate
2025-12-30 07:00:00,32,IGI Airport,28.5562,77.1,71.49,138.9,Moderate
2025-12-30 08:00:00,33,IGI Airport,28.5562,77.1,68.99,130.7,Moderate
2025-12-30 09:00:00,34,IGI Airport,28.5562,77.1,98.72,229.8,Poor
2025-12-30 10:00:00,35,IGI Airport,28.5562,77.1,105.55,252.3,Poor
2025-12-30 11:00:00,36,IGI Airport,28.5562,77.1,117.75,292.6,Poor
2025-12-30 12:00:00,37,IGI Airport,28.5562,77.1,122.59,303.0,Very Poor
2025-12-30 13:00:00,38,IGI Airport,28.5562,77.1,107.44,258.5,Poor
2025-12-30 14:00:00,39,IGI Airport,28.5562,77.1,114.4,281.5,Poor
2025-12-30 15:00:00,40,IGI Airport,28.5562,77.1,116.79,289.4,Poor
2025-12-30 16:00:00,41,IGI Airport,28.5562,77.1,120.98,301.7,Very Poor
2025-12-30 17:00:00,42,IGI Airport,28.5562,77.1,127.69,306.9,Very Poor
2025-12-30 18:00:00,43,IGI Airport,28.5562,77.1,123.92,304.0,Very Poor
2025-12-30 19:00:00,44,IGI Airport,28.5562,77.1,135.06,312.5,Very Poor
2025-12-30 20:00:00,45,IGI Airport,28.5562,77.1,129.56,308.3,Very Poor
2025-12-30 21:00:00,46,IGI Airport,28.5562,77.1,120.73,301.6,Very Poor
2025-12-30 22:00:00,47,IGI Airport,28.5562,77.1,115.62,285.5,Poor
2025-12-30 23:00:00,48,IGI Airport,28.5562,77.1,119.41,298.1,Poor
2025-12-31 00:00:00,49,IGI Airport,28.5562,77.1,105.65,252.6,Poor
2025-12-31 01:00:00,50,IGI Airport,28.5562,77.1,92.07,207.8,Poor
2025-12-31 02:00:00,51,IGI Airport,28.5562,77.1,84.92,183.2,Moderate
2025-12-31 03:00:00,52,IGI Airport,28.5562,77.1,74.55,149.0,Moderate
2025-12-31 04:00:00,53,IGI Airport,28.5562,77.1,69.5,132.4,Moderate
2025-12-31 05:00:00,54,IGI Airport,28.5562,77.1,77.83,159.8,Moderate
2025-12-31 06:00:00,55,IGI Airport,28.5562,77.1,87.04,190.2,Moderate
2025-12-31 07:00:00,56,IGI Airport,28.5562,77.1,95.75,220.0,Poor
2025-12-31 08:00:00,57,IGI Airport,28.5562,77.1,82.6,175.6,Moderate
2025-12-31 09:00:00,58,IGI Airport,28.5562,77.1,92.99,210.9,Poor
2025-12-31 10:00:00,59,IGI Airport,28.5562,77.1,103.58,245.8,Poor
2025-12-31 11:00:00,60,IGI Airport,28.5562,77.1,116.31,287.8,Poor
2025-12-31 12:00:00,61,IGI Airport,28.5562,77.1,112.07,273.8,Poor
2025-12-31 13:00:00,62,IGI Airport,28.5562,77.1,114.49,281.8,Poor
2025-12-31 14:00:00,63,IGI Airport,28.5562,77.1,119.25,297.5,Poor
2025-12-31 15:00:00,64,IGI Airport,28.5562,77.1,118.04,293.5,Poor
2025-12-31 16:00:00,65,IGI Airport,28.5562,77.1,137.58,314.4,Very Poor
2025-12-31 17:00:00,66,IGI Airport,28.5562,77.1,140.35,316.5,Very Poor
2025-12-31 18:00:00,67,IGI Airport,28.5562,77.1,132.14,310.2,Very Poor
2025-12-31 19:00:00,68,IGI Airport,28.5562,77.1,132.02,310.2,Very Poor
2025-12-31 20:00:00,69,IGI Airport,28.5562,77.1,134.44,312.0,Very Poor
2025-12-31 21:00:00,70,IGI Airport,28.5562,77.1,131.47,309.7,Very Poor
2025-12-31 22:00:00,71,IGI Airport,28.5562,77.1,121.82,302.4,Very Poor
2025-12-31 23:00:00,72,IGI Airport,28.5562,77.1,110.69,269.3,Poor
2025-12-29 00:00:00,1,Okhla Phase III,28.5273,77.2618,260.34,408.9,Severe
2025-12-29 01:00:00,2,Okhla Phase III,28.5273,77.2618,238.68,391.4,Very Poor
2025-12-29 02:00:00,3,Okhla Phase III,28.5273,77.2618,223.26,379.6,Very Poor
2025-12-29 03:00:00,4,Okhla Phase III,28.5273,77.2618,213.95,372.5,Very Poor
2025-12-29 04:00:00,5,Okhla Phase III,28.5273,77.2618,209.13,368.9,Very Poor
2025-12-29 05:00:00,6,Okhla Phase III,28.5273,77.2618,174.39,342.4,Very Poor
2025-12-29 06:00:00,7,Okhla Phase III,28.5273,77.2618,165.73,335.8,Very Poor
2025-12-29 07:00:00,8,Okhla Phase III,28.5273,77.2618,172.84,341.2,Very Poor
2025-12-29 08:00:00,9,Okhla Phase III,28.5273,77.2618,174.53,342.5,Very Poor
2025-12-29 09:00:00,10,Okhla Phase III,28.5273,77.2618,154.76,327.5,Very Poor
2025-12-29 10:00:00,11,Okhla Phase III,28.5273,77.2618,155.33,327.9,Very Poor
2025-12-29 11:00:00,12,Okhla Phase III,28.5273,77.2618,138.92,315.4,Very Poor
2025-12-29 12:00:00,13,Okhla Phase III,28.5273,77.2618,123.13,303.4,Very Poor
2025-12-29 13:00:00,14,Okhla Phase III,28.5273,77.2618,102.02,240.7,Poor
2025-12-29 14:00:00,15,Okhla Phase III,28.5273,77.2618,96.64,222.9,Poor
2025-12-29 15:00:00,16,Okhla Phase III,28.5273,77.2618,101.05,237.5,Poor
2025-12-29 16:00:00,17,Okhla Phase III,28.5273,77.2618,104.98,250.4,Poor
2025-12-29 17:00:00,18,Okhla Phase III,28.5273,77.2618,117.62,292.1,Poor
2025-12-29 18:00:00,19,Okhla Phase III,28.5273,77.2618,133.49,311.3,Very Poor
2025-12-29 19:00:00,20,Okhla Phase III,28.5273,77.2618,125.8,305.4,Very Poor
2025-12-29 20:00:00,21,Okhla Phase III,28.5273,77.2618,104.98,250.4,Poor
2025-12-29 21:00:00,22,Okhla Phase III,28.5273,77.2618,120.75,301.6,Very Poor
2025-12-29 22:00:00,23,Okhla Phase III,28.5273,77.2618,119.41,298.0,Poor
2025-12-29 23:00:00,24,Okhla Phase III,28.5273,77.2618,125.63,305.3,Very Poor
2025-12-30 00:00:00,25,Okhla Phase III,28.5273,77.2618,116.8,289.4,Poor
2025-12-30 01:00:00,26,Okhla Phase III,28.5273,77.2618,119.09,297.0,Poor
2025-12-30 02:00:00,27,Okhla Phase III,28.5273,77.2618,100.74,236.4,Poor
2025-12-30 03:00:00,28,Okhla Phase III,28.5273,77.2618,97.79,226.7,Poor
2025-12-30 04:00:00,29,Okhla Phase III,28.5273,77.2618,82.23,174.4,Moderate
2025-12-30 05:00:00,30,Okhla Phase III,28.5273,77.2618,86.5,188.5,Moderate
2025-12-30 06:00:00,31,Okhla Phase III,28.5273,77.2618,88.58,195.3,Moderate
2025-12-30 07:00:00,32,Okhla Phase III,28.5273,77.2618,84.93,183.3,Moderate
2025-12-30 08:00:00,33,Okhla Phase III,28.5273,77.2618,98.88,230.3,Poor
2025-12-30 09:00:00,34,Okhla Phase III,28.5273,77.2618,116.53,288.6,Poor
2025-12-30 10:00:00,35,Okhla Phase III,28.5273,77.2618,119.92,299.7,Poor
2025-12-30 11:00:00,36,Okhla Phase III,28.5273,77.2618,126.2,305.7,Very Poor
2025-12-30 12:00:00,37,Okhla Phase III,28.5273,77.2618,129.67,308.4,Very Poor
2025-12-30 13:00:00,38,Okhla Phase III,28.5273,77.2618,112.79,276.2,Poor
2025-12-30 14:00:00,39,Okhla Phase III,28.5273,77.2618,105.4,251.8,Poor
2025-12-30 15:00:00,40,Okhla Phase III,28.5273,77.2618,113.7,279.2,Poor
2025-12-30 16:00:00,41,Okhla Phase III,28.5273,77.2618,120.13,301.1,Very Poor
2025-12-30 17:00:00,42,Okhla Phase III,28.5273,77.2618,125.45,305.2,Very Poor
2025-12-30 18:00:00,43,Okhla Phase III,28.5273,77.2618,128.11,307.2,Very Poor
2025-12-30 19:00:00,44,Okhla Phase III,28.5273,77.2618,133.52,311.3,Very Poor
2025-12-30 20:00:00,45,Okhla Phase III,28.5273,77.2618,131.14,309.5,Very Poor
2025-12-30 21:00:00,46,Okhla Phase III,28.5273,77.2618,121.89,302.4,Very Poor
2025-12-30 22:00:00,47,Okhla Phase III,28.5273,77.2618,112.86,276.4,Poor
2025-12-30 23:00:00,48,Okhla Phase III,28.5273,77.2618,113.09,277.2,Poor
2025-12-31 00:00:00,49,Okhla Phase III,28.5273,77.2618,109.6,265.7,Poor
2025-12-31 01:00:00,50,Okhla Phase III,28.5273,77.2618,100.66,236.2,Poor
2025-12-31 02:00:00,51,Okhla Phase III,28.5273,77.2618,89.45,198.2,Moderate
2025-12-31 03:00:00,52,Okhla Phase III,28.5273,77.2618,76.49,155.4,Moderate
2025-12-31 04:00:00,53,Okhla Phase III,28.5273,77.2618,78.82,163.1,Moderate
2025-12-31 05:00:00,54,Okhla Phase III,28.5273,77.2618,82.32,174.6,Moderate
2025-12-31 06:00:00,55,Okhla Phase III,28.5273,77.2618,89.28,197.6,Moderate
2025-12-31 07:00:00,56,Okhla Phase III,28.5273,77.2618,94.61,216.2,Poor
2025-12-31 08:00:00,57,Okhla Phase III,28.5273,77.2618,104.31,248.2,Poor
2025-12-31 09:00:00,58,Okhla Phase III,28.5273,77.2618,96.84,223.6,Poor
2025-12-31 10:00:00,59,Okhla Phase III,28.5273,77.2618,104.1,247.5,Poor
2025-12-31 11:00:00,60,Okhla Phase III,28.5273,77.2618,112.23,274.4,Poor
2025-12-31 12:00:00,61,Okhla Phase III,28.5273,77.2618,112.34,274.7,Poor
2025-12-31 13:00:00,62,Okhla Phase III,28.5273,77.2618,123.05,303.3,Very Poor
2025-12-31 14:00:00,63,Okhla Phase III,28.5273,77.2618,126.89,306.2,Very Poor
2025-12-31 15:00:00,64,Okhla Phase III,28.5273,77.2618,118.12,293.8,Poor
2025-12-31 16:00:00,65,Okhla Phase III,28.5273,77.2618,131.85,310.0,Very Poor
2025-12-31 17:00:00,66,Okhla Phase III,28.5273,77.2618,139.33,315.7,Very Poor
2025-12-31 18:00:00,67,Okhla Phase III,28.5273,77.2618,126.69,306.1,Very Poor
2025-12-31 19:00:00,68,Okhla Phase III,28.5273,77.2618,130.33,308.9,Very Poor
2025-12-31 20:00:00,69,Okhla Phase III,28.5273,77.2618,128.59,307.5,Very Poor
2025-12-31 21:00:00,70,Okhla Phase III,28.5273,77.2618,123.99,304.0,Very Poor
2025-12-31 22:00:00,71,Okhla Phase III,28.5273,77.2618,120.91,301.7,Very Poor
2025-12-31 23:00:00,72,Okhla Phase III,28.5273,77.2618,110.93,270.1,Poor
2025-12-29 00:00:00,1,Rohini,28.7041,77.1025,249.69,399.8,Very Poor
2025-12-29 01:00:00,2,Rohini,28.7041,77.1025,233.41,387.4,Very Poor
2025-12-29 02:00:00,3,Rohini,28.7041,77.1025,212.9,371.7,Very Poor
2025-12-29 03:00:00,4,Rohini,28.7041,77.1025,195.5,358.5,Very Poor
2025-12-29 04:00:00,5,Rohini,28.7041,77.1025,166.35,336.3,Very Poor
2025-12-29 05:00:00,6,Rohini,28.7041,77.1025,149.31,323.3,Very Poor
2025-12-29 06:00:00,7,Rohini,28.7041,77.1025,161.48,332.6,Very Poor
2025-12-29 07:00:00,8,Rohini,28.7041,77.1025,158.88,330.6,Very Poor
2025-12-29 08:00:00,9,Rohini,28.7041,77.1025,160.12,331.5,Very Poor
2025-12-29 09:00:00,10,Rohini,28.7041,77.1025,127.22,306.5,Very Poor
2025-12-29 10:00:00,11,Rohini,28.7041,77.1025,127.79,306.9,Very Poor
2025-12-29 11:00:00,12,Rohini,28.7041,77.1025,125.7,305.3,Very Poor
2025-12-29 12:00:00,13,Rohini,28.7041,77.1025,115.71,285.9,Poor
2025-12-29 13:00:00,14,Rohini,28.7041,77.1025,102.68,242.8,Poor
2025-12-29 14:00:00,15,Rohini,28.7041,77.1025,90.06,201.2,Poor
2025-12-29 15:00:00,16,Rohini,28.7041,77.1025,99.73,233.1,Poor
2025-12-29 16:00:00,17,Rohini,28.7041,77.1025,101.32,238.3,Poor
2025-12-29 17:00:00,18,Rohini,28.7041,77.1025,107.9,260.1,Poor
2025-12-29 18:00:00,19,Rohini,28.7041,77.1025,119.95,299.8,Poor
2025-12-29 19:00:00,20,Rohini,28.7041,77.1025,127.46,306.7,Very Poor
2025-12-29 20:00:00,21,Rohini,28.7041,77.1025,129.22,308.0,Very Poor
2025-12-29 21:00:00,22,Rohini,28.7041,77.1025,134.1,311.7,Very Poor
2025-12-29 22:00:00,23,Rohini,28.7041,77.1025,140.28,316.4,Very Poor
2025-12-29 23:00:00,24,Rohini,28.7041,77.1025,129.59,308.3,Very Poor
2025-12-30 00:00:00,25,Rohini,28.7041,77.1025,124.58,304.5,Very Poor
2025-12-30 01:00:00,26,Rohini,28.7041,77.1025,120.58,301.4,Very Poor
2025-12-30 02:00:00,27,Rohini,28.7041,77.1025,107.24,257.9,Poor
2025-12-30 03:00:00,28,Rohini,28.7041,77.1025,90.93,204.1,Poor
2025-12-30 04:00:00,29,Rohini,28.7041,77.1025,92.82,210.3,Poor
2025-12-30 05:00:00,30,Rohini,28.7041,77.1025,76.22,154.5,Moderate
2025-12-30 06:00:00,31,Rohini,28.7041,77.1025,83.73,179.3,Moderate
2025-12-30 07:00:00,32,Rohini,28.7041,77.1025,63.69,113.2,Moderate
2025-12-30 08:00:00,33,Rohini,28.7041,77.1025,80.8,169.6,Moderate
2025-12-30 09:00:00,34,Rohini,28.7041,77.1025,86.93,189.9,Moderate
2025-12-30 10:00:00,35,Rohini,28.7041,77.1025,97.33,225.2,Poor
2025-12-30 11:00:00,36,Rohini,28.7041,77.1025,92.2,208.3,Poor
2025-12-30 12:00:00,37,Rohini,28.7041,77.1025,99.23,231.5,Poor
2025-12-30 13:00:00,38,Rohini,28.7041,77.1025,90.8,203.7,Poor
2025-12-30 14:00:00,39,Rohini,28.7041,77.1025,69.4,132.0,Moderate
2025-12-30 15:00:00,40,Rohini,28.7041,77.1025,85.37,184.7,Moderate
2025-12-30 16:00:00,41,Rohini,28.7041,77.1025,90.91,204.0,Poor
2025-12-30 17:00:00,42,Rohini,28.7041,77.1025,94.02,214.3,Poor
2025-12-30 18:00:00,43,Rohini,28.7041,77.1025,92.9,210.6,Poor
2025-12-30 19:00:00,44,Rohini,28.7041,77.1025,99.56,232.5,Poor
2025-12-30 20:00:00,45,Rohini,28.7041,77.1025,98.99,230.7,Poor
2025-12-30 21:00:00,46,Rohini,28.7041,77.1025,106.02,253.9,Poor
2025-12-30 22:00:00,47,Rohini,28.7041,77.1025,94.45,215.7,Poor
2025-12-30 23:00:00,48,Rohini,28.7041,77.1025,110.38,268.3,Poor
2025-12-31 00:00:00,49,Rohini,28.7041,77.1025,109.67,265.9,Poor
2025-12-31 01:00:00,50,Rohini,28.7041,77.1025,91.04,204.4,Poor
2025-12-31 02:00:00,51,Rohini,28.7041,77.1025,83.47,178.5,Moderate
2025-12-31 03:00:00,52,Rohini,28.7041,77.1025,98.52,229.1,Poor
2025-12-31 04:00:00,53,Rohini,28.7041,77.1025,96.5,222.5,Poor
2025-12-31 05:00:00,54,Rohini,28.7041,77.1025,82.77,176.1,Moderate
2025-12-31 06:00:00,55,Rohini,28.7041,77.1025,76.96,157.0,Moderate
2025-12-31 07:00:00,56,Rohini,28.7041,77.1025,72.72,143.0,Moderate
2025-12-31 08:00:00,57,Rohini,28.7041,77.1025,65.78,120.1,Moderate
2025-12-31 09:00:00,58,Rohini,28.7041,77.1025,71.74,139.7,Moderate
2025-12-31 10:00:00,59,Rohini,28.7041,77.1025,102.0,240.6,Poor
2025-12-31 11:00:00,60,Rohini,28.7041,77.1025,109.44,265.2,Poor
2025-12-31 12:00:00,61,Rohini,28.7041,77.1025,95.32,218.6,Poor
2025-12-31 13:00:00,62,Rohini,28.7041,77.1025,98.96,230.6,Poor
2025-12-31 14:00:00,63,Rohini,28.7041,77.1025,103.02,244.0,Poor
2025-12-31 15:00:00,64,Rohini,28.7041,77.1025,105.91,253.5,Poor
2025-12-31 16:00:00,65,Rohini,28.7041,77.1025,114.25,281.0,Poor
2025-12-31 17:00:00,66,Rohini,28.7041,77.1025,110.43,268.4,Poor
2025-12-31 18:00:00,67,Rohini,28.7041,77.1025,106.67,256.0,Poor
2025-12-31 19:00:00,68,Rohini,28.7041,77.1025,110.69,269.3,Poor
2025-12-31 20:00:00,69,Rohini,28.7041,77.1025,117.17,290.7,Poor
2025-12-31 21:00:00,70,Rohini,28.7041,77.1025,115.86,286.3,Poor
2025-12-31 22:00:00,71,Rohini,28.7041,77.1025,119.92,299.7,Poor
2025-12-31 23:00:00,72,Rohini,28.7041,77.1025,112.62,275.7,Poor
